,idx,diff,metric_name,decision
0,213,3.6487396,psnr,1
1,247,4.1113715,psnr,1
2,248,3.7096157,psnr,1
3,251,3.1780677,psnr,1
4,252,2.6739311,psnr,1
5,306,4.1861377,psnr,1
6,580,2.878213,psnr,1
7,582,3.041287,psnr,1
8,629,2.7252164,psnr,1
9,96,32.830627,psnr,0
10,224,33.64026,psnr,0
11,282,33.54455,psnr,0
12,429,31.906853,psnr,0
13,495,32.767776,psnr,0
14,700,34.41388,psnr,0
15,736,35.14987,psnr,0
16,739,32.953827,psnr,0
17,810,32.804718,psnr,0
