,idx,diff,metric_name,decision
0,0,0.1414299,ssim,1
1,1,0.11892306,ssim,1
2,2,0.10013189,ssim,1
3,54,0.26086956,ssim,1
4,245,0.22925402,ssim,1
5,324,0.2786187,ssim,1
6,326,0.2646393,ssim,1
7,590,0.29511356,ssim,1
8,629,0.27355316,ssim,1
9,96,0.9982925,ssim,0
10,224,0.9985235,ssim,0
11,282,0.99842757,ssim,0
12,429,0.99814385,ssim,0
13,495,0.99809986,ssim,0
14,680,0.99849063,ssim,0
15,700,0.9987441,ssim,0
16,736,0.9993231,ssim,0
17,739,0.9982807,ssim,0
